feature_x,feature_y,correlation
hostname_length,hostname_length,1.0
hostname_length,digit_count,0.2312
hostname_length,digit_ratio,0.0589
hostname_length,hyphen_count,0.3626
hostname_length,hostname_entropy,0.7889
hostname_length,alphabetic_ratio,0.0713
digit_count,hostname_length,0.2312
digit_count,digit_count,1.0
digit_count,digit_ratio,0.9044
digit_count,hyphen_count,-0.0295
digit_count,hostname_entropy,0.2948
digit_count,alphabetic_ratio,-0.7927
digit_ratio,hostname_length,0.0589
digit_ratio,digit_count,0.9044
digit_ratio,digit_ratio,1.0
digit_ratio,hyphen_count,-0.0644
digit_ratio,hostname_entropy,0.1484
digit_ratio,alphabetic_ratio,-0.8975
hyphen_count,hostname_length,0.3626
hyphen_count,digit_count,-0.0295
hyphen_count,digit_ratio,-0.0644
hyphen_count,hyphen_count,1.0
hyphen_count,hostname_entropy,0.2602
hyphen_count,alphabetic_ratio,-0.1293
hostname_entropy,hostname_length,0.7889
hostname_entropy,digit_count,0.2948
hostname_entropy,digit_ratio,0.1484
hostname_entropy,hyphen_count,0.2602
hostname_entropy,hostname_entropy,1.0
hostname_entropy,alphabetic_ratio,-0.0169
alphabetic_ratio,hostname_length,0.0713
alphabetic_ratio,digit_count,-0.7927
alphabetic_ratio,digit_ratio,-0.8975
alphabetic_ratio,hyphen_count,-0.1293
alphabetic_ratio,hostname_entropy,-0.0169
alphabetic_ratio,alphabetic_ratio,1.0
